{"cameraMode":{"drawMode":0,"name":"Shaded","section":"Shading Mode"},"sceneLighting":false,"audioPlay":false,"sceneViewState":{"showFog":true,"showMaterialUpdate":false,"showSkybox":false,"showFlares":true,"showImageEffects":true,"showParticleSystems":true},"in2DMode":false,"pivot":{"x":-30.582719802856447,"y":4.117333889007568,"z":6.810540199279785},"rotation":{"x":0.0505378283560276,"y":-0.9494328498840332,"z":0.21311776340007783,"w":0.22509586811065675},"size":0.8660253882408142,"orthographic":false}